TWOU,2U Inc,NASDAQ,3598641656
ABMD,ABIOMED Inc,NASDAQ,8831732802
ACAD,ACADIA Pharmaceuticals Inc,NASDAQ,3477757836
ATVI,Activision Blizzard Inc,NASDAQ,49925247014
ADBE,Adobe Systems Incorporated,NASDAQ,90928268362
AAAP,Advanced Accelerator Applications SA,NASDAQ,3427865653
AMD,Advanced Micro Devices Inc,NASDAQ,10979408102
AGNC,AGNC Investment Corp,NASDAQ,7919828409
AGNCB,AGNC Investment Corp,NASDAQ,9111637183
AKAM,Akamai Technologies Inc,NASDAQ,9436975463
AKRX,Akorn Inc,NASDAQ,4078552951
ALXN,Alexion Pharmaceuticals Inc,NASDAQ,24248882760
ALGN,Align Technology Inc,NASDAQ,20416450547
ALKS,Alkermes plc,NASDAQ,7850261227
ALNY,Alnylam Pharmaceuticals Inc,NASDAQ,12319288374
GOOG,Alphabet Inc,NASDAQ,7.23E+11
GOOGL,Alphabet Inc,NASDAQ,7.34E+11
AABA,Altaba Inc,NASDAQ,63704196280
AMZN,Amazoncom Inc,NASDAQ,5.72E+11
DOX,Amdocs Limited,NASDAQ,9442260800
UHAL,Amerco,NASDAQ,6930784432
AMOV,America Movil SAB de CV,NASDAQ,57552820781
AAL,American Airlines Group Inc,NASDAQ,23235914985
AMGN,Amgen Inc,NASDAQ,1.23E+11
ADI,Analog Devices Inc,NASDAQ,32777579467
ANGI,ANGI Homeservices Inc,NASDAQ,5714594767
ANSS,ANSYS Inc,NASDAQ,12891154453
AAPL,Apple Inc,NASDAQ,8.98E+11
AMAT,Applied Materials Inc,NASDAQ,61760271725
ACGL,Arch Capital Group Ltd,NASDAQ,12519409136
ARCC,Ares Capital Corporation,NASDAQ,6978517331
ARRS,ARRIS International plc,NASDAQ,5442317822
ASML,ASML Holding NV,NASDAQ,13209282006
AZPN,Aspen Technology Inc,NASDAQ,5000592406
ATHN,athenahealth Inc,NASDAQ,5179889664
TEAM,Atlassian Corporation Plc,NASDAQ,12018339389
ADSK,Autodesk Inc,NASDAQ,28387588038
ADP,Automatic Data Processing Inc,NASDAQ,48792740095
BIDU,Baidu Inc,NASDAQ,68720213365
OZRK,Bank of the Ozarks,NASDAQ,5668156479
BECN,Beacon Roofing Supply Inc,NASDAQ,4151445360
BGCP,BGC Partners Inc,NASDAQ,4601499147
BIIB,Biogen Inc,NASDAQ,65320995992
BMRN,BioMarin Pharmaceutical Inc,NASDAQ,14525635821
TECH,Bio-Techne Corp,NASDAQ,4934143464
BIVV,Bioverativ Inc,NASDAQ,5471666920
BLKB,Blackbaud Inc,NASDAQ,4956113661
BUFF,Blue Buffalo Pet Products Inc,NASDAQ,5852035497
BLUE,bluebird bio Inc,NASDAQ,7690432068
BOKF,BOK Financial Corporation,NASDAQ,5544189774
BHF,Brighthouse Financial Inc,NASDAQ,6861801243
AVGO,Broadcom Limited,NASDAQ,1.15E+11
BPY,Brookfield Property Partners LP,NASDAQ,5754110438
BRKR,Bruker Corporation,NASDAQ,5502251284
CHRW,CH Robinson Worldwide Inc,NASDAQ,11106420092
CA,CA Inc,NASDAQ,13657070946
CDNS,Cadence Design Systems Inc,NASDAQ,12875616000
CZR,Caesars Entertainment Corporation,NASDAQ,9400152027
CASY,Caseys General Stores Inc,NASDAQ,4519605522
CAVM,Cavium Inc,NASDAQ,6139276001
CBOE,Cboe Global Markets Inc,NASDAQ,13629688397
CDK,CDK Global Inc,NASDAQ,9415854287
CDW,CDW Corporation,NASDAQ,10155718505
CELG,Celgene Corporation,NASDAQ,82274619290
CDEV,Centennial Resource Development Inc,NASDAQ,5724655499
CERN,Cerner Corporation,NASDAQ,23458519211
CHTR,Charter Communications Inc,NASDAQ,81787860906
CHKP,Check Point Software Technologies Ltd,NASDAQ,17264740720
CHFC,Chemical Financial Corporation,NASDAQ,3798998391
HTHT,China Lodging Group Limited,NASDAQ,3913141348
CMPR,Cimpress NV,NASDAQ,3815271803
CINF,Cincinnati Financial Corporation,NASDAQ,11896844405
CTAS,Cintas Corporation,NASDAQ,15709662015
CRUS,Cirrus Logic Inc,NASDAQ,3595168141
CSCO,Cisco Systems Inc,NASDAQ,1.80E+11
CTXS,Citrix Systems Inc,NASDAQ,12995755665
CME,CME Group Inc,NASDAQ,48274177203
CGNX,Cognex Corporation,NASDAQ,12501373164
CTSH,Cognizant Technology Solutions Corporation,NASDAQ,42613690114
COHR,Coherent Inc,NASDAQ,7838222565
COLM,Columbia Sportswear Company,NASDAQ,4775359532
CMCSA,Comcast Corporation,NASDAQ,1.68E+11
CBSH,Commerce Bancshares Inc,NASDAQ,6044301350
COMM,CommScope Holding Company Inc,NASDAQ,6758699786
CPRT,Copart Inc,NASDAQ,9814747039
CSGP,CoStar Group Inc,NASDAQ,11211969543
COST,Costco Wholesale Corporation,NASDAQ,74996156182
CBRL,Cracker Barrel Old Country Store Inc,NASDAQ,3533233269
CACC,Credit Acceptance Corporation,NASDAQ,5570223465
CREE,Cree Inc,NASDAQ,3608431010
CSX,CSX Corporation,NASDAQ,45490504925
CTRP,Ctripcom International Ltd,NASDAQ,21822914050
CY,Cypress Semiconductor Corporation,NASDAQ,5800761922
CONE,CyrusOne Inc,NASDAQ,5654766370
XRAY,DENTSPLY SIRONA Inc,NASDAQ,15505893052
DXCM,DexCom Inc,NASDAQ,4827469705
FANG,Diamondback Energy Inc,NASDAQ,10827851977
DISCA,Discovery Communications Inc,NASDAQ,6633466385
DISCB,Discovery Communications Inc,NASDAQ,8149687273
DISCK,Discovery Communications Inc,NASDAQ,6239248954
DISH,DISH Network Corporation,NASDAQ,23257243887
DLTR,Dollar Tree Inc,NASDAQ,23325555244
DNKN,Dunkin&#39; Brands Group Inc,NASDAQ,5078856836
ETFC,E*TRADE Financial Corporation,NASDAQ,12099633700
EWBC,East West Bancorp Inc,NASDAQ,8330007961
EBAY,eBay Inc,NASDAQ,37437429693
SATS,EchoStar Corporation,NASDAQ,5706275502
ESLT,Elbit Systems Ltd,NASDAQ,6139878579
EA,Electronic Arts Inc,NASDAQ,33234394142
ESGR,Enstar Group Limited,NASDAQ,4352919353
ENTG,Entegris Inc,NASDAQ,4552974803
EQIX,Equinix Inc,NASDAQ,37088248737
ERIE,Erie Indemnity Company,NASDAQ,6400279843
EEFT,Euronet Worldwide Inc,NASDAQ,4797134956
EXAS,Exact Sciences Corporation,NASDAQ,7098815475
EXEL,Exelixis Inc,NASDAQ,7647805479
EXPE,Expedia Inc,NASDAQ,19337891204
EXPD,Expeditors International of Washington Inc,NASDAQ,10640846658
ESRX,Express Scripts Holding Company,NASDAQ,34650700140
FFIV,F5 Networks Inc,NASDAQ,7715903457
FB,Facebook Inc,NASDAQ,5.31E+11
FAST,Fastenal Company,NASDAQ,14102245652
FGEN,FibroGen Inc,NASDAQ,3895416908
FITB,Fifth Third Bancorp,NASDAQ,19897391758
FCNCA,First Citizens BancShares Inc,NASDAQ,4904809194
FHB,First Hawaiian Inc,NASDAQ,3897248993
FSLR,First Solar Inc,NASDAQ,6329683403
FISV,Fiserv Inc,NASDAQ,26702214353
FLEX,Flex Ltd,NASDAQ,10088522577
FLIR,FLIR Systems Inc,NASDAQ,6522689194
FTNT,Fortinet Inc,NASDAQ,7286418841
GLPI,Gaming and Leisure Properties Inc,NASDAQ,7647340953
GRMN,Garmin Ltd,NASDAQ,11598194198
GNTX,Gentex Corporation,NASDAQ,5536105458
GILD,Gilead Sciences Inc,NASDAQ,94652251450
LOPE,Grand Canyon Education Inc,NASDAQ,4309222744
HBHC,Hancock Holding Company,NASDAQ,4156823040
HAS,Hasbro Inc,NASDAQ,11789186215
HDS,HD Supply Holdings Inc,NASDAQ,6538214670
HCSG,Healthcare Services Group Inc,NASDAQ,3703950150
HSIC,Henry Schein Inc,NASDAQ,10983668352
HOLX,Hologic Inc,NASDAQ,11267186607
HOMB,Home BancShares Inc,NASDAQ,3858362370
HPT,Hospitality Properties Trust,NASDAQ,4895960910
HBAN,Huntington Bancshares Incorporated,NASDAQ,14549537400
HBANO,Huntington Bancshares Incorporated,NASDAQ,22124055668
IAC,IAC/InterActiveCorp,NASDAQ,11127872098
IBKC,IBERIABANK Corporation,NASDAQ,3948681922
IEP,Icahn Enterprises LP,NASDAQ,9084846515
ICLR,ICON plc,NASDAQ,6339056532
ICUI,ICU Medical Inc,NASDAQ,4383423996
IDXX,IDEXX Laboratories Inc,NASDAQ,13502328960
INFO,IHS Markit Ltd,NASDAQ,17459559960
ILG,ILG Inc,NASDAQ,3462176442
ILMN,Illumina Inc,NASDAQ,31369560000
INCR,INC Research Holdings Inc,NASDAQ,3865981213
INCY,Incyte Corporation,NASDAQ,20846265383
PODD,Insulet Corporation,NASDAQ,4076634185
IART,Integra LifeSciences Holdings Corporation,NASDAQ,3799877500
IDTI,Integrated Device Technology Inc,NASDAQ,4337056351
INTC,Intel Corporation,NASDAQ,2.09E+11
IBKR,Interactive Brokers Group Inc,NASDAQ,22882468580
INTU,Intuit Inc,NASDAQ,39242972001
ISRG,Intuitive Surgical Inc,NASDAQ,44611845903
ISBC,Investors Bancorp Inc,NASDAQ,4338252540
IONS,Ionis Pharmaceuticals Inc,NASDAQ,6805098833
IPGP,IPG Photonics Corporation,NASDAQ,13054847177
CSJ,iShares 1-3 Year Credit Bond ETF,NASDAQ,11960423500
SHY,iShares 1-3 Year Treasury Bond ETF,NASDAQ,11345090000
TLT,iShares 20+ Year Treasury Bond ETF,NASDAQ,7126160000
IEI,iShares 3-7 Year Treasury Bond ETF,NASDAQ,7076160000
IEF,iShares 7-10 Year Treasury Bond ETF,NASDAQ,7630904000
IXUS,iShares Core MSCI Total International Stock ETF,NASDAQ,8217116000
CIU,iShares Intermediate Credit Bond ETF,NASDAQ,7619285000
EMB,iShares JP Morgan USD Emerging Markets Bond ETF,NASDAQ,11825222000
MBB,iShares MBS ETF,NASDAQ,11818332000
ACWI,iShares MSCI ACWI Index Fund,NASDAQ,8233790000
AAXJ,iShares MSCI All Country Asia ex Japan Index Fund,NASDAQ,4774470000
SCZ,iShares MSCI EAFE Small-Cap ETF,NASDAQ,10028741000
IBB,iShares Nasdaq Biotechnology Index Fund,NASDAQ,9894739500
IJT,iShares S&P Small-Cap 600 Growth ETF,NASDAQ,4879584000
DVY,iShares Select Dividend ETF,NASDAQ,17175726000
SHV,iShares Short Treasury Bond ETF,NASDAQ,6663328000
PFF,iShares US Preferred Stock ETF,NASDAQ,18073860000
JBHT,JB Hunt Transport Services Inc,NASDAQ,11431757383
JCOM,j2 Global Inc,NASDAQ,3680040929
JKHY,Jack Henry & Associates Inc,NASDAQ,8847980310
JAZZ,Jazz Pharmaceuticals plc,NASDAQ,8315133795
JD,JDcom Inc,NASDAQ,35993003865
JBLU,JetBlue Airways Corporation,NASDAQ,6358428979
JUNO,Juno Therapeutics Inc,NASDAQ,7175766576
KLAC,KLA-Tencor Corporation,NASDAQ,16460598131
LRCX,Lam Research Corporation,NASDAQ,35118043879
LAMR,Lamar Advertising Company,NASDAQ,7450295297
LANC,Lancaster Colony Corporation,NASDAQ,3465445972
LSTR,Landstar System Inc,NASDAQ,4112648106
TREE,LendingTree Inc,NASDAQ,3602608198
LBRDA,Liberty Broadband Corporation,NASDAQ,15747895036
LBRDK,Liberty Broadband Corporation,NASDAQ,15989750699
LBTYA,Liberty Global plc,NASDAQ,25189558115
LBTYB,Liberty Global plc,NASDAQ,25435710149
LBTYK,Liberty Global plc,NASDAQ,24360846269
LILA,Liberty Global plc,NASDAQ,3705971723
LILAK,Liberty Global plc,NASDAQ,3711107019
LVNTA,Liberty Interactive Corporation,NASDAQ,4935500590
LVNTB,Liberty Interactive Corporation,NASDAQ,5125525067
QVCA,Liberty Interactive Corporation,NASDAQ,10680407627
QVCB,Liberty Interactive Corporation,NASDAQ,10815741560
FWONK,Liberty Media Corporation,NASDAQ,8921864641
LSXMK,Liberty Media Corporation,NASDAQ,13695393293
LECO,Lincoln Electric Holdings Inc,NASDAQ,5760857052
LFUS,Littelfuse Inc,NASDAQ,4690995198
LIVN,LivaNova PLC,NASDAQ,4159693311
LKQ,LKQ Corporation,NASDAQ,11759130326
LOGI,Logitech International SA,NASDAQ,5851400199
LOGM,LogMein Inc,NASDAQ,6271744956
LPLA,LPL Financial Holdings Inc,NASDAQ,4477038053
LULU,lululemon athletica inc,NASDAQ,9042167053
LITE,Lumentum Holdings Inc,NASDAQ,3735500000
MKTX,MarketAxess Holdings Inc,NASDAQ,7074586893
MAR,Marriott International,NASDAQ,46119532300
MRVL,Marvell Technology Group Ltd,NASDAQ,11689162202
MASI,Masimo Corporation,NASDAQ,4542926980
MTCH,Match Group Inc,NASDAQ,8443002084
MAT,Mattel Inc,NASDAQ,6362433971
MXIM,Maxim Integrated Products Inc,NASDAQ,15155238382
MBFI,MB Financial Inc,NASDAQ,3668685976
MDSO,Medidata Solutions Inc,NASDAQ,4101035993
MLCO,Melco Resorts & Entertainment Limited,NASDAQ,4517913980
MELI,MercadoLibre Inc,NASDAQ,11974593970
MEOH,Methanex Corporation,NASDAQ,4381503257
MCHP,Microchip Technology Incorporated,NASDAQ,21278373055
MU,Micron Technology Inc,NASDAQ,57282186976
MSCC,Microsemi Corporation,NASDAQ,6475907913
MSFT,Microsoft Corporation,NASDAQ,6.42E+11
MKSI,MKS Instruments Inc,NASDAQ,5730791441
MOMO,Momo Inc,NASDAQ,4457318174
MDLZ,Mondelez International Inc,NASDAQ,62981007463
MPWR,Monolithic Power Systems Inc,NASDAQ,5212033258
MNST,Monster Beverage Corporation,NASDAQ,34830373408
MORN,Morningstar Inc,NASDAQ,3912733228
MYL,Mylan NV,NASDAQ,20046625391
NDAQ,Nasdaq Inc,NASDAQ,12840979589
FIZZ,National Beverage Corp,NASDAQ,4933070958
NATI,National Instruments Corporation,NASDAQ,5802464076
NKTR,Nektar Therapeutics,NASDAQ,8282801178
NTAP,NetApp Inc,NASDAQ,15230513080
NTES,NetEase Inc,NASDAQ,26112145100
NFLX,Netflix Inc,NASDAQ,84694136764
NBIX,Neurocrine Biosciences Inc,NASDAQ,6294510291
NWS,News Corporation,NASDAQ,9263686970
NWSA,News Corporation,NASDAQ,9187946133
NICE,NICE Ltd,NASDAQ,3474881084
NDSN,Nordson Corporation,NASDAQ,7420958362
NTRS,Northern Trust Corporation,NASDAQ,21436715525
NCLH,Norwegian Cruise Line Holdings Ltd,NASDAQ,12677463476
NUAN,Nuance Communications Inc,NASDAQ,4253953933
NTNX,Nutanix Inc,NASDAQ,5479246743
NVDA,NVIDIA Corporation,NASDAQ,1.31E+11
NXPI,NXP Semiconductors NV,NASDAQ,38886721157
ODFL,Old Dominion Freight Line Inc,NASDAQ,10133064994
ON,ON Semiconductor Corporation,NASDAQ,9132213243
OTEX,Open Text Corporation,NASDAQ,8759819798
ORLY,O&#39;Reilly Automotive Inc,NASDAQ,18388089753
PCAR,PACCAR Inc,NASDAQ,23536785115
PACW,PacWest Bancorp,NASDAQ,5856988236
PTEN,Patterson-UTI Energy Inc,NASDAQ,4557884055
PAYX,Paychex Inc,NASDAQ,23245005495
PYPL,PayPal Holdings Inc,NASDAQ,94434093371
PEGA,Pegasystems Inc,NASDAQ,4013680835
PBCT,People&#39;s United Financial Inc,NASDAQ,6274079083
PPC,Pilgrim&#39;s Pride Corporation,NASDAQ,8823251459
PNFP,Pinnacle Financial Partners Inc,NASDAQ,5055871718
POOL,Pool Corporation,NASDAQ,4873437844
BPOP,Popular Inc,NASDAQ,3553719659
QQQ,PowerShares QQQ Trust Series 1,NASDAQ,59972588000
PRAH,PRA Health Sciences Inc,NASDAQ,5275529939
PFPT,Proofpoint Inc,NASDAQ,4151697017
PTC,PTC Inc,NASDAQ,7603507643
PBYI,Puma Biotechnology Inc,NASDAQ,3814877334
QGEN,Qiagen NV,NASDAQ,7289307200
QRVO,Qorvo Inc,NASDAQ,10253222300
QCOM,QUALCOMM Incorporated,NASDAQ,1.01E+11
GOLD,Randgold Resources Limited,NASDAQ,3678721271
RP,RealPage Inc,NASDAQ,3667415928
REGN,Regeneron Pharmaceuticals Inc,NASDAQ,41348135448
ROST,Ross Stores Inc,NASDAQ,27500427288
RGLD,Royal Gold Inc,NASDAQ,5682085873
RYAAY,Ryanair Holdings plc,NASDAQ,12252348421
SBRA,Sabra Health Care REIT Inc,NASDAQ,3427405456
SABR,Sabre Corporation,NASDAQ,5315053187
SAGE,Sage Therapeutics Inc,NASDAQ,3668179647
SAFM,Sanderson Farms Inc,NASDAQ,3678000482
SRPT,Sarepta Therapeutics Inc,NASDAQ,3658817577
SBAC,SBA Communications Corporation,NASDAQ,19949343310
SGMS,Scientific Games Corp,NASDAQ,4634460122
SNI,Scripps Networks Interactive Inc,NASDAQ,10441318701
STX,Seagate Technology PLC,NASDAQ,11656645588
SGEN,Seattle Genetics Inc,NASDAQ,8483136419
SEIC,SEI Investments Company,NASDAQ,10780611575
SIGI,Selective Insurance Group Inc,NASDAQ,3459690391
SNH,Senior Housing Properties Trust,NASDAQ,4606465478
SHPG,Shire plc,NASDAQ,10774319090
SBNY,Signature Bank,NASDAQ,7122978977
SLAB,Silicon Laboratories Inc,NASDAQ,4039431312
SINA,Sina Corporation,NASDAQ,7810831165
SIRI,Sirius XM Holdings Inc,NASDAQ,25001260811
SWKS,Skyworks Solutions Inc,NASDAQ,20101393711
SLM,SLM Corporation,NASDAQ,4578030438
LNCE,Snyder&#39;s-Lance Inc,NASDAQ,3565881487
SPLK,Splunk Inc,NASDAQ,11768972919
SSNC,SS&C Technologies Holdings Inc,NASDAQ,8417645781
SBUX,Starbucks Corporation,NASDAQ,80815040000
STLD,Steel Dynamics Inc,NASDAQ,8883322382
SRCL,Stericycle Inc,NASDAQ,5382759832
SIVB,SVB Financial Group,NASDAQ,11239049350
SYMC,Symantec Corporation,NASDAQ,17706687662
SNPS,Synopsys Inc,NASDAQ,13544826819
TROW,T Rowe Price Group Inc,NASDAQ,23722152524
TTWO,Take-Two Interactive Software Inc,NASDAQ,13443436186
AMTD,TD Ameritrade Holding Corporation,NASDAQ,27761254043
TECD,Tech Data Corporation,NASDAQ,3526124363
TSRO,TESARO Inc,NASDAQ,4540347169
TSLA,Tesla Inc ,NASDAQ,53033666492
TCBI,Texas Capital Bancshares Inc,NASDAQ,4056970054
TXN,Texas Instruments Incorporated,NASDAQ,97866166686
TXRH,Texas Roadhouse Inc,NASDAQ,3452917800
TFSL,TFS Financial Corporation,NASDAQ,4258757095
CG,The Carlyle Group LP,NASDAQ,7039455032
GT,The Goodyear Tire & Rubber Company,NASDAQ,7557315612
HAIN,The Hain Celestial Group Inc,NASDAQ,4222245868
KHC,The Kraft Heinz Company,NASDAQ,97172809921
MSG,The Madison Square Garden Company,NASDAQ,5065024036
MIDD,The Middleby Corporation,NASDAQ,6599955883
PCLN,The Priceline Group Inc ,NASDAQ,85757345077
ULTI,The Ultimate Software Group Inc,NASDAQ,5925564387
TMUS,T-Mobile US Inc,NASDAQ,51315545565
TSEM,Tower Semiconductor Ltd,NASDAQ,3480041739
TSCO,Tractor Supply Company,NASDAQ,8072532962
TRMB,Trimble Inc,NASDAQ,10601668343
TRIP,TripAdvisor Inc,NASDAQ,4745508380
FOX,Twenty-First Century Fox Inc,NASDAQ,55168337146
FOXA,Twenty-First Century Fox Inc,NASDAQ,37214249950
UBNT,Ubiquiti Networks Inc,NASDAQ,5206857868
ULTA,Ulta Beauty Inc,NASDAQ,12923158057
UMBF,UMB Financial Corporation,NASDAQ,3584958256
UMPQ,Umpqua Holdings Corporation,NASDAQ,4523560166
UBSI,United Bankshares Inc,NASDAQ,3679984426
UTHR,United Therapeutics Corporation,NASDAQ,5401381625
OLED,Universal Display Corporation,NASDAQ,8982402952
VNQI,Vanguard Global ex-US Real Estate ETF,NASDAQ,5431383200
VCIT,Vanguard Intermediate-Term Corporate Bond ETF,NASDAQ,18207798746
VMBS,Vanguard Mortgage-Backed Securities ETF,NASDAQ,4663127701
VCSH,Vanguard Short-Term Corporate Bond ETF,NASDAQ,21712935711
VTIP,Vanguard Short-Term Inflation-Protected Securities Index Fund,NASDAQ,4283201744
BNDX,Vanguard Total International Bond ETF,NASDAQ,8162888315
VXUS,Vanguard Total International Stock ETF,NASDAQ,10087998822
VEON,VEON Ltd,NASDAQ,5760530571
VRSN,VeriSign Inc,NASDAQ,11556358758
VRSK,Verisk Analytics Inc,NASDAQ,15457982860
VRTX,Vertex Pharmaceuticals Incorporated,NASDAQ,37062912374
VIA,Viacom Inc,NASDAQ,13153839412
VIAB,Viacom Inc,NASDAQ,9131251743
VSAT,ViaSat Inc,NASDAQ,4288587261
VOD,Vodafone Group Plc,NASDAQ,14214295159
WBA,Walgreens Boots Alliance Inc,NASDAQ,70951119041
WB,Weibo Corporation,NASDAQ,7529616760
WDC,Western Digital Corporation,NASDAQ,27443082418
WLTW,Willis Towers Watson Public Limited Company,NASDAQ,21062832407
WINS,Wins Finance Holdings Inc,NASDAQ,4066914986
WTFC,Wintrust Financial Corporation,NASDAQ,4388856582
WWD,Woodward Inc,NASDAQ,4665755372
WDAY,Workday Inc,NASDAQ,24157120000
WYNN,Wynn Resorts Limited,NASDAQ,16384565180
XLNX,Xilinx Inc,NASDAQ,18286937167
YNDX,Yandex NV,NASDAQ,11402153035
YY,YY Inc,NASDAQ,5644105154
ZBRA,Zebra Technologies Corporation,NASDAQ,5802399355
Z,Zillow Group Inc,NASDAQ,7938485011
ZG,Zillow Group Inc,NASDAQ,7968705273
ZION,Zions Bancorporation,NASDAQ,9258124018
ZNGA,Zynga Inc,NASDAQ,3551818896
MMM,3M Company,NYSE,1.38E+11
WUBA,58com Inc,NYSE,11555254900
ABB,ABB Ltd,NYSE,54705993560
ABT,Abbott Laboratories,NYSE,97699916561
ABBV,AbbVie Inc,NYSE,1.51E+11
ACN,Accenture plc,NYSE,93778151599
AYI,Acuity Brands Inc,NYSE,6659739673
ADNT,Adient plc,NYSE,7250846575
AAP,Advance Auto Parts Inc,NYSE,6593922377
ASX,Advanced Semiconductor Engineering Inc,NYSE,11960653213
ACM,AECOM,NYSE,5690236147
AEG,Aegon NV,NYSE,12444958650
AER,Aercap Holdings NV,NYSE,8107794854
AET,Aetna Inc,NYSE,57543606000
AMG,Affiliated Managers Group Inc,NYSE,10581129159
AFL,Aflac Incorporated,NYSE,33417717700
AGCO,AGCO Corporation,NYSE,5567659566
A,Agilent Technologies Inc,NYSE,22321990288
AEM,Agnico Eagle Mines Limited,NYSE,10377610634
AGU,Agrium Inc,NYSE,15021218782
AL,Air Lease Corporation,NYSE,4311306325
APD,Air Products and Chemicals Inc,NYSE,35319979980
ALK,Alaska Air Group Inc,NYSE,8047136264
ALB,Albemarle Corporation,NYSE,15144533926
AA,Alcoa Corporation,NYSE,7809817833
ARE,Alexandria Real Estate Equities Inc,NYSE,12136063159
AQN,Algonquin Power & Utilities Corp,NYSE,4804586178
BABA,Alibaba Group Holding Limited,NYSE,4.89E+11
Y,Alleghany Corporation,NYSE,8557131119
ALLE,Allegion plc,NYSE,7880935709
AGN,Allergan plc,NYSE,57713144822
ALE,Allete Inc,NYSE,3990280462
ADS,Alliance Data Systems Corporation,NYSE,12266309047
LNT,Alliant Energy Corporation,NYSE,10223856799
ALSN,Allison Transmission Holdings Inc,NYSE,5531504309
ALL,Allstate Corporation (The),NYSE,35552474234
ALLY,Ally Financial Inc,NYSE,11726770201
ATUS,Altice USA Inc,NYSE,14151724147
MO,Altria Group,NYSE,1.25E+11
ACH,Aluminum Corporation of China Limited,NYSE,10241890140
ABEV,Ambev SA,NYSE,1.00E+11
AEE,Ameren Corporation,NYSE,15281139578
AMOV,America Movil SAB de CV,NYSE,57552820781
AMX,America Movil SAB de CV,NYSE,57891424799
ACC,American Campus Communities Inc,NYSE,5810404891
AEP,American Electric Power Company Inc,NYSE,37614360839
AXP,American Express Company,NYSE,81140289450
AFG,American Financial Group Inc,NYSE,8950493450
AMH,American Homes 4 Rent,NYSE,6311111458
AIG,American International Group Inc,NYSE,53065571670
AMT,American Tower Corporation (REIT),NYSE,62301474185
AWK,American Water Works,NYSE,15829032996
APU,AmeriGas Partners LP,NYSE,4188915123
AMP,AMERIPRISE FINANCIAL SERVICES INC,NYSE,23603712555
ABC,AmerisourceBergen Corporation (Holding Co),NYSE,17714805003
APH,Amphenol Corporation,NYSE,27758377217
AME,AMTEK Inc,NYSE,16233672479
APC,Anadarko Petroleum Corporation,NYSE,26323750067
ANDV,Andeavor,NYSE,16223720656
ANDX,Andeavor Logistics LP,NYSE,9498309407
AU,AngloGold Ashanti Limited,NYSE,4152657439
BUD,Anheuser-Busch Inbev SA,NYSE,2.27E+11
NLY,Annaly Capital Management Inc,NYSE,13671012288
AM,Antero Midstream Partners LP,NYSE,4915787842
AR,Antero Resources Corporation,NYSE,5867608119
ANTM,Anthem Inc,NYSE,56587451223
ANTX,Anthem Inc,NYSE,14582191136
AON,Aon plc,NYSE,34643319815
APA,Apache Corporation,NYSE,15671979757
AIV,Apartment Investment and Management Company,NYSE,7026793302
APO,Apollo Global Management LLC,NYSE,12392642218
APLE,Apple Hospitality REIT Inc,NYSE,4342994555
ATR,AptarGroup Inc,NYSE,5372842665
WTR,Aqua America Inc,NYSE,6498145169
ARMK,Aramark,NYSE,10127743063
MT,ArcelorMittal,NYSE,30139483096
ADM,Archer-Daniels-Midland Company,NYSE,21894649715
ARNC,Arconic Inc,NYSE,11546967006
ARD,Ardagh Group SA,NYSE,4674014000
ARES,Ares Management LP,NYSE,3963453975
ANET,Arista Networks Inc,NYSE,17694741887
ARW,Arrow Electronics Inc,NYSE,6938430510
AJG,Arthur J Gallagher & Co,NYSE,11822446610
ASH,Ashland Global Holdings Inc,NYSE,4418707996
ASB,Associated Banc-Corp,NYSE,3688421193
AIZ,Assurant Inc,NYSE,5266013647
AGO,Assured Guaranty Ltd,NYSE,4269447411
AZN,Astrazeneca PLC,NYSE,85679416002
T,AT&T Inc,NYSE,2.14E+11
ATH,Athene Holding Ltd,NYSE,9787865878
ATO,Atmos Energy Corporation,NYSE,9414319542
AUO,AU Optronics Corp,NYSE,4292413319
ATHM,Autohome Inc,NYSE,7703000337
ALV,Autoliv Inc,NYSE,10801319423
AN,AutoNation Inc,NYSE,4797598215
AZO,AutoZone Inc,NYSE,17402215310
AVB,AvalonBay Communities Inc,NYSE,25495162700
AGR,Avangrid Inc,NYSE,16133165251
AVY,Avery Dennison Corporation,NYSE,9833662306
AVT,Avnet Inc,NYSE,4856445870
AXTA,Axalta Coating Systems Ltd,NYSE,8821857834
AXS,Axis Capital Holdings Limited,NYSE,4291002439
BHGE,Baker Hughes a GE company,NYSE,35274833594
BLL,Ball Corporation,NYSE,13981222461
BBVA,Banco Bilbao Viscaya Argentaria SA,NYSE,56810393662
BBD,Banco Bradesco Sa,NYSE,63223914808
BBDO,Banco Bradesco Sa,NYSE,60789885364
BCH,Banco De Chile,NYSE,14272151837
BSBR,Banco Santander Brasil SA,NYSE,70076894250
BSAC,Banco Santander Chile,NYSE,13506876110
SAN,Banco Santander SA,NYSE,1.06E+11
CIB,BanColombia SA,NYSE,9522087300
BAC,Bank of America Corporation,NYSE,2.77E+11
BMO,Bank Of Montreal,NYSE,50685834506
BK,Bank Of New York Mellon Corporation (The),NYSE,53484687497
BNS,Bank of Nova Scotia (The),NYSE,79298897928
BKU,BankUnited Inc,NYSE,3795332472
BCS,Barclays PLC,NYSE,42952012639
B,Barnes Group Inc,NYSE,3466459456
ABX,Barrick Gold Corporation,NYSE,16444313193
BAX,Baxter International Inc,NYSE,34934622903
BBT,BB&T Corporation,NYSE,36558601550
BFR,BBVA Banco Frances SA,NYSE,4042960708
BCE,BCE Inc,NYSE,43698856650
BDX,Becton Dickinson and Company,NYSE,51493401185
BDC,Belden Inc,NYSE,3596167771
BMS,Bemis Company Inc,NYSE,4124363872
BERY,Berry Global Group Inc,NYSE,7810220000
BBY,Best Buy Co Inc,NYSE,17053520604
BSTI,BEST Inc,NYSE,4051997701
BHP,BHP Billiton Limited,NYSE,1.14E+11
BBL,BHP Billiton plc,NYSE,1.00E+11
BIO,Bio-Rad Laboratories Inc,NYSE,7802299571
BKI,Black Knight Inc,NYSE,6982883999
BB,BlackBerry Limited,NYSE,5722042591
BLK,BlackRock Inc,NYSE,76917750918
BWP,Boardwalk Pipeline Partners LP,NYSE,3491640109
BA,Boeing Company (The),NYSE,1.58E+11
BAH,Booz Allen Hamilton Holding Corporation,NYSE,5435872180
BWA,BorgWarner Inc,NYSE,11149139827
BXP,Boston Properties Inc,NYSE,19314974813
BSX,Boston Scientific Corporation,NYSE,39355783517
BYD,Boyd Gaming Corporation,NYSE,3416931259
BP,BP plc,NYSE,1.32E+11
BAK,Braskem SA,NYSE,11984954021
BRFS,BRF SA,NYSE,10244692453
BFAM,Bright Horizons Family Solutions Inc,NYSE,5214989307
BCO,Brink&#39;s Company (The),NYSE,4106820848
BMY,Bristol-Myers Squibb Company,NYSE,1.01E+11
BTI,British American Tobacco plc,NYSE,1.53E+11
BRX,Brixmor Property Group Inc,NYSE,5595596592
BR,Broadridge Financial Solutions Inc,NYSE,10412800082
BAM,Brookfield Asset Management Inc,NYSE,41405717699
BIP,Brookfield Infrastructure Partners LP,NYSE,11974096822
BEP,Brookfield Renewable Partners LP,NYSE,6083857690
BRO,Brown & Brown Inc,NYSE,6977153934
BC,Brunswick Corporation,NYSE,4608103562
BT,BT Group plc,NYSE,32986527699
BPL,Buckeye Partners LP,NYSE,6870274726
BVN,Buenaventura Mining Company Inc,NYSE,3640982350
BG,Bunge Limited,NYSE,9175784252
BURL,Burlington Stores Inc,NYSE,6936031740
BWXT,BWX Technologies Inc,NYSE,6068591673
BCR,CR Bard Inc,NYSE,24499855153
CABO,Cable One Inc,NYSE,3810839813
CBT,Cabot Corporation,NYSE,3799080062
COG,Cabot Oil & Gas Corporation,NYSE,13528371110
CAE,CAE Inc,NYSE,4808003910
CAA,CalAtlantic Group Inc,NYSE,5996679205
CPN,Calpine Corporation,NYSE,5415738209
CPT,Camden Property Trust,NYSE,8702195928
CCJ,Cameco Corporation,NYSE,3918348047
CPB,Campbell Soup Company,NYSE,13836332186
CWH,Camping World Holdings Inc,NYSE,3809071926
CM,Canadian Imperial Bank of Commerce,NYSE,39778085315
CNI,Canadian National Railway Company,NYSE,59627418264
CNQ,Canadian Natural Resources Limited,NYSE,42225148251
CP,Canadian Pacific Railway Limited,NYSE,25202238802
CAJ,Canon Inc,NYSE,51683334230
CMD,Cantel Medical Corp,NYSE,4427283612
COF,Capital One Financial Corporation,NYSE,42356946623
CAH,Cardinal Health Inc,NYSE,17734207243
CSL,Carlisle Companies Incorporated,NYSE,6869918975
KMX,CarMax Inc,NYSE,12407559834
CCL,Carnival Corporation,NYSE,47838097165
CUK,Carnival Corporation,NYSE,50115826140
CRI,Carter&#39;s Inc,NYSE,5058863443
CTLT,Catalent Inc,NYSE,5246622524
CAT,Caterpillar Inc,NYSE,81737924831
CBG,CBRE Group Inc,NYSE,14539034881
CBS,CBS Corporation,NYSE,22626104320
FUN,Cedar Fair LP,NYSE,3769069956
CE,Celanese Corporation,NYSE,14475114687
CX,Cemex SAB de CV,NYSE,11389894695
CVE,Cenovus Energy Inc,NYSE,12004373901
CNC,Centene Corporation,NYSE,16768289817
CNP,CenterPoint Energy Inc,NYSE,12512902766
EBR,Centrais Electricas Brasileiras SA- Eletrobras,NYSE,8602752876
CTL,CenturyLink Inc,NYSE,14795006129
CF,CF Industries Holdings Inc,NYSE,8383366125
GIB,CGI Group Inc,NYSE,13763873583
CRL,Charles River Laboratories International Inc,NYSE,4821403041
CHE,Chemed Corp,NYSE,3829126499
CC,Chemours Company (The),NYSE,9871042942
CHK,Chesapeake Energy Corporation,NYSE,3562048552
CVX,Chevron Corporation,NYSE,2.21E+11
CIM,Chimera Investment Corporation,NYSE,3498360570
CEA,China Eastern Airlines Corporation Ltd,NYSE,9129046545
LFC,China Life Insurance Company Limited,NYSE,98191585170
CHL,China Mobile (Hong Kong) Ltd,NYSE,2.10E+11
SNP,China Petroleum & Chemical Corporation,NYSE,87873483928
ZNH,China Southern Airlines Company Limited,NYSE,9683637503
CHA,China Telecom Corp Ltd,NYSE,39842823600
CHU,China Unicom (Hong Kong) Ltd,NYSE,35944568701
CMG,Chipotle Mexican Grill Inc,NYSE,7885737723
CHH,Choice Hotels International Inc,NYSE,4377531977
CB,Chubb Limited,NYSE,69136580375
CHT,Chunghwa Telecom Co Ltd,NYSE,26840766620
CHD,Church & Dwight Company Inc,NYSE,11201653828
CI,Cigna Corporation,NYSE,49457871024
XEC,Cimarex Energy Co,NYSE,11099800185
CNK,Cinemark Holdings Inc,NYSE,3987826793
CIT,CIT Group Inc (DEL),NYSE,6270234596
C,Citigroup Inc,NYSE,1.90E+11
CFG,Citizens Financial Group Inc,NYSE,18572675463
CLX,Clorox Company (The),NYSE,17456990420
CMS,CMS Energy Corporation,NYSE,13924303205
CNA,CNA Financial Corporation,NYSE,14467286015
CNHI,CNH Industrial NV,NYSE,17891435719
CNO,CNO Financial Group Inc,NYSE,4044749608
KOF,Coca Cola Femsa SAB de CV,NYSE,14621568000
KO,Coca-Cola Company (The),NYSE,1.95E+11
CCE,Coca-Cola European Partners plc,NYSE,18712201726
CFX,Colfax Corporation,NYSE,4453100077
CL,Colgate-Palmolive Company,NYSE,63232357108
CLNS,Colony NorthStar Inc,NYSE,6801039924
CMA,Comerica Incorporated,NYSE,13681896039
CBD,Companhia Brasileira de Distribuicao,NYSE,6080441960
SBS,Companhia de saneamento Basico Do Estado De Sao Paulo - Sabesp,NYSE,7081162243
CCU,Compania Cervecerias Unidas SA,NYSE,4866352824
CAG,ConAgra Brands Inc,NYSE,14485343761
CXO,Concho Resources Inc,NYSE,20903688179
COP,ConocoPhillips,NYSE,60337683637
CNX,CONSOL Energy Inc,NYSE,3739189708
ED,Consolidated Edison Inc,NYSE,26944978459
STZ,Constellation Brands Inc,NYSE,43401670338
CLR,Continental Resources Inc,NYSE,17533512084
COO,Cooper Companies Inc (The),NYSE,11859911360
CPA,Copa Holdings SA,NYSE,5634896178
CLB,Core Laboratories NV,NYSE,4484047863
CLGX,CoreLogic Inc,NYSE,3726591888
COR,CoreSite Realty Corporation,NYSE,4030567436
GLW,Corning Incorporated,NYSE,27679479337
CCT,Corporate Capital Trust Inc,NYSE,5375658635
COTY,Coty Inc,NYSE,12741356554
CUZ,Cousins Properties Incorporated,NYSE,3809586280
CPL,CPFL Energia SA,NYSE,8677723210
CR,Crane Company,NYSE,4898145679
BAP,Credicorp Ltd,NYSE,20177927780
CS,Credit Suisse Group,NYSE,42720636724
CPG,Crescent Point Energy Corporation,NYSE,4129060656
CRH,CRH PLC,NYSE,29487926818
CCI,Crown Castle International Corporation,NYSE,45795328258
CCK,Crown Holdings Inc,NYSE,7918071144
CSRA,CSRA Inc,NYSE,4631696845
CUBE,CubeSmart,NYSE,5276310175
CFR,Cullen/Frost Bankers Inc,NYSE,5999995000
CMI,Cummins Inc,NYSE,26664343048
CW,Curtiss-Wright Corporation,NYSE,5338329042
CVS,CVS Health Corporation,NYSE,71466615584
DHI,DR Horton Inc,NYSE,18751891450
DAN,Dana Incorporated,NYSE,4589511854
DHR,Danaher Corporation,NYSE,65400806263
DRI,Darden Restaurants Inc,NYSE,9923542864
DVA,DaVita Inc,NYSE,10475595000
DCP,DCP Midstream LP,NYSE,4808044729
DCT,DCT Industrial Trust Inc,NYSE,5663405629
DE,Deere & Company,NYSE,46748691966
DVMT,Dell Technologies Inc,NYSE,16444229142
DLPH,Delphi Automotive plc,NYSE,26812601623
DAL,Delta Air Lines Inc,NYSE,35727083995
DB,Deutsche Bank AG,NYSE,39650378000
DVN,Devon Energy Corporation,NYSE,19984765000
DEO,Diageo plc,NYSE,87351251246
DLR,Digital Realty Trust Inc,NYSE,24147719678
DFS,Discover Financial Services,NYSE,23765093137
DLB,Dolby Laboratories,NYSE,6469804487
DG,Dollar General Corporation,NYSE,23576786951
D,Dominion Energy Inc,NYSE,52904582309
DPZ,Domino&#39;s Pizza Inc,NYSE,7755813274
DCI,Donaldson Company Inc,NYSE,6234135527
DEI,Douglas Emmett Inc,NYSE,6936974949
DOV,Dover Corporation,NYSE,14730047560
DWDP,DowDuPont Inc,NYSE,1.67E+11
DPS,Dr Pepper Snapple Group Inc,NYSE,15627668345
RDY,Dr Reddy&#39;s Laboratories Ltd,NYSE,5882079162
DST,DST Systems Inc,NYSE,3612608658
DTE,DTE Energy Company,NYSE,20208315718
DUK,Duke Energy Corporation,NYSE,62143835011
DRE,Duke Realty Corporation,NYSE,10381505778
DNB,Dun & Bradstreet Corporation (The),NYSE,4448104228
DXC,DXC Technology Company,NYSE,27887872511
EXP,Eagle Materials Inc,NYSE,5165929030
EMN,Eastman Chemical Company,NYSE,13099953125
ETN,Eaton Corporation PLC,NYSE,33450352000
EV,Eaton Vance Corporation,NYSE,6235379498
ECL,Ecolab Inc,NYSE,38385154562
EC,Ecopetrol SA,NYSE,24156058125
EIX,Edison International,NYSE,26244092643
EW,Edwards Lifesciences Corporation,NYSE,23138518882
LLY,Eli Lilly and Company,NYSE,92524988565
ERJ,Embraer-Empresa Brasileira de Aeronautica,NYSE,3561477330
EME,EMCOR Group Inc,NYSE,4650406771
EMR,Emerson Electric Company,NYSE,39444408934
ESRT,Empire State Realty Trust Inc,NYSE,6557925391
ENBL,Enable Midstream Partners LP,NYSE,6488498310
EEP,Enbridge Energy LP,NYSE,6650522708
ENB,Enbridge Inc,NYSE,61434485392
ECA,Encana Corporation,NYSE,11522224914
ENIA,Enel Americas SA,NYSE,11444566187
ENIC,Enel Chile SA,NYSE,5331475121
EOCC,Enel Generacion Chile SA,NYSE,6914079103
EGN,Energen Corporation,NYSE,5451085020
ETE,Energy Transfer Equity LP,NYSE,17515173037
ETP,Energy Transfer Partners LP,NYSE,18903875689
E,ENI SpA,NYSE,59891374238
ENLK,EnLink Midstream Partners LP,NYSE,5263050683
ETR,Entergy Corporation,NYSE,15388062616
EPD,Enterprise Products Partners LP,NYSE,51578754823
EVHC,Envision Healthcare Corporation,NYSE,3617478589
EOG,EOG Resources Inc,NYSE,58781766922
EPAM,EPAM Systems Inc,NYSE,5639327933
EPR,EPR Properties,NYSE,5041080643
EQT,EQT Corporation,NYSE,15291258950
EQGP,EQT GP Holdings LP,NYSE,6904320100
EQM,EQT Midstream Partners LP,NYSE,5496481713
EFX,Equifax Inc,NYSE,13196723422
EQC,Equity Commonwealth,NYSE,3740055812
ELS,Equity Lifestyle Properties Inc,NYSE,7941320206
EQR,Equity Residential,NYSE,25066137253
ESNT,Essent Group Ltd,NYSE,4396067174
ESS,Essex Property Trust Inc,NYSE,16533690951
EL,Estee Lauder Companies Inc (The),NYSE,46467842425
RE,Everest Re Group Ltd,NYSE,8939639422
ES,Eversource Energy,NYSE,20385264029
EXC,Exelon Corporation,NYSE,40000288451
EXR,Extra Space Storage Inc,NYSE,11010561826
XOM,Exxon Mobil Corporation,NYSE,3.45E+11
FNB,FNB Corporation,NYSE,4287092006
FDS,FactSet Research Systems Inc,NYSE,7771497628
FICO,Fair Isaac Corporation,NYSE,4661380050
FRT,Federal Realty Investment Trust,NYSE,9570383090
FDX,FedEx Corporation,NYSE,58188043956
RACE,Ferrari NV,NYSE,27909652493
FCAU,Fiat Chrysler Automobiles NV,NYSE,34253752843
FBR,Fibria Celulose SA,NYSE,8730010021
FNF,Fidelity National Financial Inc,NYSE,13725427330
FIS,Fidelity National Information Services Inc,NYSE,30752632233
FAF,First American Corporation (The),NYSE,6100495613
FDC,First Data Corporation,NYSE,15514239787
FHN,First Horizon National Corporation,NYSE,4319210697
FR,First Industrial Realty Trust Inc,NYSE,3907011907
FRC,FIRST REPUBLIC BANK,NYSE,14922474189
FE,FirstEnergy Corporation,NYSE,15098480622
FLT,FleetCor Technologies Inc,NYSE,16137062782
FND,Floor & Decor Holdings Inc,NYSE,3642538451
FLO,Flowers Foods Inc,NYSE,4064332684
FLS,Flowserve Corporation,NYSE,5103910114
FLR,Fluor Corporation,NYSE,6558751129
FMC,FMC Corporation,NYSE,12702507195
FMX,Fomento Economico Mexicano SAB de CV,NYSE,32357900160
FL,Foot Locker Inc,NYSE,4972302477
F,Ford Motor Company,NYSE,48064856523
FTS,Fortis Inc,NYSE,15871469592
FTV,Fortive Corporation,NYSE,25069429011
FBHS,Fortune Brands Home & Security Inc,NYSE,9818473998
FNV,Franco-Nevada Corporation,NYSE,15684706967
BEN,Franklin Resources Inc,NYSE,22826549628
FCX,Freeport-McMoran Inc,NYSE,20772926086
FMS,Fresenius Medical Care Corporation,NYSE,30303242439
GPS,Gap Inc (The),NYSE,11623585646
GDI,Gardner Denver Holdings Inc,NYSE,6103778212
IT,Gartner Inc,NYSE,10550920985
GD,General Dynamics Corporation,NYSE,59716576600
GE,General Electric Company,NYSE,1.58E+11
GIS,General Mills Inc,NYSE,30491358808
GM,General Motors Company,NYSE,64541578449
GWR,Genesee & Wyoming Inc,NYSE,4633319393
G,Genpact Limited,NYSE,6146469952
GPC,Genuine Parts Company,NYSE,12731915993
GGB,Gerdau SA,NYSE,5606276955
GGP,GGP Inc,NYSE,22339145110
GIL,Gildan Activewear Inc,NYSE,6896212507
GSK,GlaxoSmithKline PLC,NYSE,86175303629
GPN,Global Payments Inc,NYSE,16466467336
GMED,Globus Medical Inc,NYSE,3573626010
GDDY,GoDaddy Inc,NYSE,8513293744
GOL,Gol Linhas Aereas Inteligentes SA,NYSE,23127477192
GG,Goldcorp Inc,NYSE,11411498732
GS,Goldman Sachs Group Inc (The),NYSE,89000688970
GGG,Graco Inc,NYSE,7336191000
GPT,Gramercy Property Trust,NYSE,4688366270
GPK,Graphic Packaging Holding Company,NYSE,4602348673
GXP,Great Plains Energy Inc,NYSE,7407977540
GRUB,GrubHub Inc,NYSE,5945511828
PAC,Grupo Aeroportuario Del Pacifico SA de CV,NYSE,5435529000
ASR,Grupo Aeroportuario del Sureste SA de CV,NYSE,5322000000
AVAL,Grupo Aval Acciones y Valores SA,NYSE,9569696862
BSMX,Grupo Financiero Santander Mexico SA B de CV,NYSE,11320706501
TV,Grupo Televisa SA,NYSE,10857116530
GSH,Guangshen Railway Company Limited,NYSE,3893111935
GWRE,Guidewire Software Inc,NYSE,6349265759
HRB,H&R Block Inc,NYSE,5364478497
HAL,Halliburton Company,NYSE,36280250747
HBI,Hanesbrands Inc,NYSE,7226058467
HOG,Harley-Davidson Inc,NYSE,7977191105
HRS,Harris Corporation,NYSE,17157727167
HIG,Hartford Financial Services Group Inc (The),NYSE,19847827522
HE,Hawaiian Electric Industries Inc,NYSE,4010939009
HCA,HCA Healthcare Inc,NYSE,27329312475
HCP,HCP Inc,NYSE,12609635109
HDB,HDFC Bank Limited,NYSE,84077124909
HR,Healthcare Realty Trust Incorporated,NYSE,4100141228
HTA,Healthcare Trust of America Inc,NYSE,6328929127
HLS,HealthSouth Corporation,NYSE,4832959125
HEI,Heico Corporation,NYSE,7750513630
HP,Helmerich & Payne Inc,NYSE,6082738263
HLF,Herbalife LTD,NYSE,5927665384
HSY,Hershey Company (The),NYSE,22639220300
HES,Hess Corporation,NYSE,14108278666
HPE,Hewlett Packard Enterprise Company,NYSE,21245400000
HXL,Hexcel Corporation,NYSE,5416475962
HIW,Highwoods Properties Inc,NYSE,5283248260
HRC,Hill-Rom Holdings Inc,NYSE,5503017210
HGV,Hilton Grand Vacations Inc,NYSE,3990312943
HLT,Hilton Worldwide Holdings Inc,NYSE,24239519882
HFC,HollyFrontier Corporation,NYSE,7808878337
HD,Home Depot Inc (The),NYSE,2.01E+11
HMC,Honda Motor Company Ltd,NYSE,59709505556
HON,Honeywell International Inc,NYSE,1.14E+11
HRL,Hormel Foods Corporation,NYSE,18162568224
HST,Host Hotels & Resorts Inc,NYSE,14653746202
HHC,Howard Hughes Corporation (The),NYSE,5462950393
HPQ,HP Inc,NYSE,35476202840
HSBC,HSBC Holdings plc,NYSE,1.96E+11
HNP,Huaneng Power International Inc,NYSE,10252658630
HUBB,Hubbell Inc,NYSE,6589342398
HPP,Hudson Pacific Properties Inc,NYSE,5558887619
HUM,Humana Inc,NYSE,34359281689
HII,Huntington Ingalls Industries Inc,NYSE,10611501235
HUN,Huntsman Corporation,NYSE,7406650059
H,Hyatt Hotels Corporation,NYSE,8482064468
IBN,ICICI Bank Limited,NYSE,31390802772
IDA,IDACORP Inc,NYSE,4865447819
IEX,IDEX Corporation,NYSE,9984957123
ITW,Illinois Tool Works Inc,NYSE,54761021762
INFY,Infosys Limited,NYSE,35856064898
ING,ING Group NV,NYSE,71145920766
IR,Ingersoll-Rand plc (Ireland),NYSE,21046370269
INGR,Ingredion Incorporated,NYSE,9734114250
ICE,Intercontinental Exchange Inc,NYSE,39682325518
IHG,Intercontinental Hotels Group,NYSE,10534157408
IFF,Internationa Flavors & Fragrances Inc,NYSE,12034539336
IBM,International Business Machines Corporation,NYSE,1.41E+11
IGT,International Game Technology,NYSE,5688283000
IP,International Paper Company,NYSE,22678017293
IPG,Interpublic Group of Companies Inc (The),NYSE,7278638947
INXN,InterXion Holding NV,NYSE,4146951780
IVZ,Invesco Plc,NYSE,14284385618
INVH,Invitation Homes Inc,NYSE,7366642501
IQV,IQVIA Holdings Inc,NYSE,22033657915
IRM,Iron Mountain Incorporated,NYSE,11061873175
ICL,Israel Chemicals Shs,NYSE,5016212335
ITCB,Ita? CorpBanca,NYSE,4222231694
ITUB,Itau Unibanco Banco Holding SA,NYSE,86113956659
ITT,ITT Inc,NYSE,4570720000
JPM,J P Morgan Chase & Co,NYSE,3.41E+11
SJM,JM Smucker Company (The),NYSE,12649919129
JBL,Jabil Inc,NYSE,5260431548
JEC,Jacobs Engineering Group Inc,NYSE,7624300861
JHX,James Hardie Industries plc,NYSE,7258959751
JHG,Janus Henderson Group plc,NYSE,7354905265
JBGS,JBG SMITH Properties,NYSE,3922073808
JELD,JELD-WEN Holding Inc,NYSE,4240810973
JBT,John Bean Technologies Corporation,NYSE,3601880275
JNJ,Johnson & Johnson,NYSE,3.71E+11
JCI,Johnson Controls International plc,NYSE,34252480000
JLL,Jones Lang LaSalle Incorporated,NYSE,6812676192
JNPR,Juniper Networks Inc,NYSE,10250539804
KSU,Kansas City Southern,NYSE,11019058937
KAR,KAR Auction Services Inc,NYSE,6603632564
KB,KB Financial Group Inc,NYSE,21016591024
K,Kellogg Company,NYSE,22431535139
KMPR,Kemper Corporation,NYSE,3524418092
KMT,Kennametal Inc,NYSE,3617179068
KEY,KeyCorp,NYSE,19507749742
KEYS,Keysight Technologies Inc,NYSE,8433570574
KRC,Kilroy Realty Corporation,NYSE,7346203056
KMB,Kimberly-Clark Corporation,NYSE,40972689722
KIM,Kimco Realty Corporation,NYSE,8002284089
KMI,Kinder Morgan Inc,NYSE,38389388277
KGC,Kinross Gold Corporation,NYSE,5262313359
KEX,Kirby Corporation,NYSE,3775835250
KKR,KKR & Co LP,NYSE,9317437465
KNX,Knight Transportation Inc,NYSE,7087096881
KSS,Kohl&#39;s Corporation,NYSE,7601266068
PHG,Koninklijke Philips NV,NYSE,36762425640
KEP,Korea Electric Power Corporation,NYSE,22430224850
KR,Kroger Company (The),NYSE,20441219582
KT,KT Corporation,NYSE,7251160633
KYO,Kyocera Corporation,NYSE,26265490156
LB,L Brands Inc,NYSE,13726814564
LLL,L3 Technologies Inc,NYSE,14848571343
LH,Laboratory Corporation of America Holdings,NYSE,15380962000
LW,Lamb Weston Holdings Inc,NYSE,7958962394
LVS,Las Vegas Sands Corp,NYSE,53475972677
LTM,LATAM Airlines Group SA,NYSE,8156183471
LAZ,Lazard Ltd,NYSE,5702205932
LEA,Lear Corporation,NYSE,11968383674
LM,Legg Mason Inc,NYSE,3585562578
LEG,Leggett & Platt Incorporated,NYSE,6128190833
LDOS,Leidos Holdings Inc,NYSE,9275127623
LEN,Lennar Corporation,NYSE,14642695420
LII,Lennox International Inc,NYSE,8204382176
LUK,Leucadia National Corporation,NYSE,9149092386
LPL,LG Display Co Ltd,NYSE,10226372706
LPT,Liberty Property Trust,NYSE,6676561809
LSI,Life Storage Inc,NYSE,4204135596
LNC,Lincoln National Corporation,NYSE,16005184437
LN,LINE Corporation,NYSE,9957984120
LYV,Live Nation Entertainment Inc,NYSE,9359764651
LYG,Lloyds Banking Group Plc,NYSE,64188600000
LMT,Lockheed Martin Corporation,NYSE,90556389043
L,Loews Corporation,NYSE,16612747351
LOMA,Loma Negra Compania Industrial Argentina Sociedad ,NYSE,14066225164
LPX,Louisiana-Pacific Corporation,NYSE,3959391744
LOW,Lowe&#39;s Companies Inc,NYSE,65992037064
LYB,LyondellBasell Industries NV,NYSE,41157985824
MTB,M&T Bank Corporation,NYSE,23953015504
MAC,Macerich Company (The),NYSE,9046064755
MIC,Macquarie Infrastructure Corporation ,NYSE,5538945341
BMA,Macro Bank Inc,NYSE,7043522295
M,Macy&#39;s Inc,NYSE,6417057393
MMP,Magellan Midstream Partners LP,NYSE,15113467572
MGA,Magna International Inc,NYSE,19586129448
MANU,Manchester United Ltd,NYSE,3530187211
MAN,ManpowerGroup,NYSE,8491650203
MFC,Manulife Financial Corp,NYSE,42010501031
MRO,Marathon Oil Corporation,NYSE,12855409088
MPC,Marathon Petroleum Corporation,NYSE,30296206905
MKL,Markel Corporation,NYSE,14949630342
VAC,Marriot Vacations Worldwide Corporation,NYSE,3547366546
MMC,Marsh & McLennan Companies Inc,NYSE,42022781053
MLM,Martin Marietta Materials Inc,NYSE,12942781551
MAS,Masco Corporation,NYSE,12450494257
MTZ,MasTec Inc,NYSE,3492498333
MA,Mastercard Incorporated,NYSE,1.69E+11
MAXR,Maxar Technologies Ltd,NYSE,3554731738
MMS,Maximus Inc,NYSE,4333279260
MKC,McCormick & Company Incorporated,NYSE,12985868319
MCD,McDonald&#39;s Corporation,NYSE,1.35E+11
MCK,McKesson Corporation,NYSE,30157915239
MDU,MDU Resources Group Inc,NYSE,5275171196
MPW,Medical Properties Trust Inc,NYSE,5025353904
MD,Mednax Inc,NYSE,4598472431
MDT,Medtronic plc,NYSE,1.13E+11
MRK,Merck & Company Inc,NYSE,1.48E+11
MET,MetLife Inc,NYSE,54540671216
MTD,Mettler-Toledo International Inc,NYSE,16243255322
MTG,MGIC Investment Corporation,NYSE,5369512946
MGM,MGM Resorts International,NYSE,19186425123
KORS,Michael Kors Holdings Limited,NYSE,8609171924
MFGP,Micro Focus Intl PLC,NYSE,15433513169
MAA,Mid-America Apartment Communities Inc,NYSE,11835389778
MTU,Mitsubishi UFJ Financial Group Inc,NYSE,90773723812
MFG,Mizuho Financial Group Inc,NYSE,45906077679
MBT,Mobile TeleSystems OJSC,NYSE,10575675052
MHK,Mohawk Industries Inc,NYSE,20483884672
MOH,Molina Healthcare Inc,NYSE,4286617520
TAP,Molson Coors Brewing  Company,NYSE,12968198605
MON,Monsanto Company,NYSE,52000822338
MCO,Moody&#39;s Corporation,NYSE,28708953000
MS,Morgan Stanley,NYSE,88695532839
MOS,Mosaic Company (The),NYSE,8372534129
MSI,Motorola Solutions Inc,NYSE,14962301713
MPLX,MPLX LP,NYSE,14430501044
MSM,MSC Industrial Direct Company Inc,NYSE,4594232614
MSCI,MSCI Inc,NYSE,11609873863
MUR,Murphy Oil Corporation,NYSE,4947664269
NFG,National Fuel Gas Company,NYSE,4914116485
NGG,National Grid Transco PLC,NYSE,39636212079
NOV,National Oilwell Varco Inc,NYSE,12104025920
NNN,National Retail Properties,NYSE,6489635399
NAV,Navistar International Corporation,NYSE,3786924674
NCR,NCR Corporation,NYSE,3762402000
EDU,New Oriental Education & Technology Group Inc,NYSE,13966376915
NRZ,New Residential Investment Corp,NYSE,5480252139
NYCB,New York Community Bancorp Inc,NYSE,6235444225
NWL,Newell Brands Inc,NYSE,13904137000
NFX,Newfield Exploration Company,NYSE,6136280529
NJR,NewJersey Resources Corporation,NYSE,3696167916
NEU,NewMarket Corporation,NYSE,4675339525
NEM,Newmont Mining Corporation,NYSE,19562781720
NEE,NextEra Energy Inc,NYSE,73396134563
NLSN,Nielsen NV,NYSE,13003693680
NKE,Nike Inc,NYSE,96781674573
NI,NiSource Inc,NYSE,9106901459
NBL,Noble Energy Inc,NYSE,12646923311
NOK,Nokia Corporation,NYSE,29664059559
NMR,Nomura Holdings Inc ADR,NYSE,19886510868
JWN,Nordstrom Inc,NYSE,6823936000
NSC,Norfolk Souther Corporation,NYSE,37202201068
NTL,Nortel Inversora SA,NYSE,6222782325
NOC,Northrop Grumman Corporation,NYSE,52697050180
NVS,Novartis AG,NYSE,1.99E+11
NVO,Novo Nordisk A/S,NYSE,1.28E+11
NRG,NRG Energy Inc,NYSE,9192111425
NYLD,NRG Yield Inc,NYSE,3621704405
DCM,NTT DOCOMO Inc,NYSE,95244894053
NUS,Nu Skin Enterprises Inc,NYSE,3485472831
NUE,Nucor Corporation,NYSE,17781079577
NEA,Nuveen AMT-Free Quality Municipal Income Fund,NYSE,3586897137
NVR,NVR Inc,NYSE,12720678204
OAK,Oaktree Capital Group LLC,NYSE,6610894120
OXY,Occidental Petroleum Corporation,NYSE,52358086642
OGE,OGE Energy Corporation,NYSE,6969713365
ORI,Old Republic International Corporation,NYSE,5463367257
OLN,Olin Corporation,NYSE,6133570108
OHI,Omega Healthcare Investors Inc,NYSE,5355902167
OMC,Omnicom Group Inc,NYSE,15899837629
OGS,ONE Gas Inc,NYSE,4014103797
OKE,ONEOK Inc,NYSE,19570608504
ORCL,Oracle Corporation,NYSE,2.05E+11
ORAN,Orange,NYSE,45118723481
OA,Orbital ATK Inc,NYSE,7640510700
IX,Orix Corp Ads,NYSE,21443820064
OSK,Oshkosh Corporation,NYSE,6490946597
OC,Owens Corning Inc,NYSE,9746932477
OI,Owens-Illinois Inc,NYSE,3836807528
PCG,Pacific Gas & Electric Co,NYSE,27809696892
PKG,Packaging Corporation of America,NYSE,10517250124
PANW,Palo Alto Networks Inc,NYSE,13842152633
PAM,Pampa Energia SA,NYSE,4945312861
PGRE,Paramount Group Inc,NYSE,3918003469
PK,Park Hotels & Resorts Inc,NYSE,6192008644
PH,Parker-Hannifin Corporation,NYSE,24417671727
PE,Parsley Energy Inc,NYSE,8479051399
PAYC,Paycom Software Inc,NYSE,4986826116
PBF,PBF Energy Inc,NYSE,3646619552
BTU,Peabody Energy Corporation,NYSE,3416105000
PSO,Pearson Plc,NYSE,7611265140
PBA,Pembina Pipeline Corp,NYSE,17715419771
PAG,Penske Automotive Group Inc,NYSE,3941045114
PNR,Pentair plc,NYSE,12559275562
PEN,Penumbra Inc,NYSE,3560158511
PEP,Pepsico Inc,NYSE,1.65E+11
PKI,PerkinElmer Inc,NYSE,8086124413
PRGO,Perrigo Company,NYSE,12192581217
PTR,PetroChina Company Limited,NYSE,1.25E+11
PBR,Petroleo Brasileiro SA- Petrobras,NYSE,67309604159
PFE,Pfizer Inc,NYSE,2.12E+11
PM,Philip Morris International Inc,NYSE,1.60E+11
PSX,Phillips 66,NYSE,47451179203
PSXP,Phillips 66 Partners LP,NYSE,5678761332
PF,Pinnacle Foods Inc,NYSE,6635145011
PNW,Pinnacle West Capital Corporation,NYSE,10002049458
PXD,Pioneer Natural Resources Company,NYSE,26222467337
PAA,Plains All American Pipeline LP,NYSE,13720578491
PHI,PLDT Inc,NYSE,6924960000
PNC,PNC Financial Services Group Inc (The),NYSE,63072191297
PNM,PNM Resources Inc (Holding Co),NYSE,3544586268
PII,Polaris Industries Inc,NYSE,7701454882
POL,PolyOne Corporation,NYSE,3670935487
POR,Portland General Electric Company,NYSE,4319195916
PKX,POSCO,NYSE,23590007515
POST,Post Holdings Inc,NYSE,5253522447
POT,Potash Corporation of Saskatchewan Inc,NYSE,16307583201
PPG,PPG Industries Inc,NYSE,29544655125
PPL,PPL Corporation,NYSE,24998139314
PX,Praxair Inc,NYSE,43770360532
PRI,Primerica Inc,NYSE,4378345240
PFG,Principal Financial Group Inc,NYSE,19823009400
PG,Procter & Gamble Company (The),NYSE,2.24E+11
PGR,Progressive Corporation (The),NYSE,30157723367
PLD,Prologis Inc,NYSE,35681418920
PB,Prosperity Bancshares Inc,NYSE,4519934981
PRU,Prudential Financial Inc,NYSE,46182080000
PUK,Prudential Public Limited Company,NYSE,65022350645
PSB,PS Business Parks Inc,NYSE,3663629414
TLK,PT Telekomunikasi Indonesia Tbk,NYSE,31501784879
PEG,Public Service Enterprise Group Incorporated,NYSE,26091360064
PSA,Public Storage,NYSE,37034230991
PHM,PulteGroup Inc,NYSE,9745027531
PSTG,Pure Storage Inc ,NYSE,3918781917
PVH,PVH Corp,NYSE,10488686448
PWR,Quanta Services Inc,NYSE,5590062143
QD,Qudian Inc,NYSE,4033217965
DGX,Quest Diagnostics Incorporated,NYSE,12487754876
RDN,Radian Group Inc,NYSE,4503158052
RL,Ralph Lauren Corporation,NYSE,7430256400
RRC,Range Resources Corporation,NYSE,4310180110
RJF,Raymond James Financial Inc,NYSE,12248737470
RYN,Rayonier Inc,NYSE,4097448600
RTN,Raytheon Company,NYSE,53787527220
RLGY,Realogy Holdings Corp,NYSE,3559262005
O,Realty Income Corporation,NYSE,15889879495
RHT,Red Hat Inc,NYSE,22712940410
REG,Regency Centers Corporation,NYSE,11535190564
RF,Regions Financial Corporation,NYSE,18060756146
RGA,Reinsurance Group of America Incorporated,NYSE,10213840034
RS,Reliance Steel & Aluminum Co,NYSE,5527708438
RENX,RELX NV,NYSE,46706059980
RELX,RELX PLC,NYSE,48160798239
RNR,RenaissanceRe Holdings Ltd,NYSE,5353493974
RSG,Republic Services Inc,NYSE,20832214207
RMD,ResMed Inc,NYSE,12077441610
QSR,Restaurant Brands International Inc,NYSE,15675136769
RNG,Ringcentral Inc,NYSE,3767052432
RIO,Rio Tinto Plc,NYSE,88152194368
RLJ,RLJ Lodging Trust,NYSE,3734339687
RHI,Robert Half International Inc,NYSE,6855380289
ROK,Rockwell Automation Inc,NYSE,24605738164
COL,Rockwell Collins Inc,NYSE,21597895448
RCI,Rogers Communication Inc,NYSE,21701617142
ROL,Rollins Inc,NYSE,9856836464
ROP,Roper Technologies Inc,NYSE,26651018226
RY,Royal Bank Of Canada,NYSE,1.16E+11
RBS,Royal Bank Scotland plc (The),NYSE,43961230229
RCL,Royal Caribbean Cruises Ltd,NYSE,26806077430
RES,RPC Inc,NYSE,5018293171
RPM,RPM International Inc,NYSE,6983918993
RSPP,RSP Permian Inc,NYSE,5914167188
R,Ryder System Inc,NYSE,4092858370
RHP,Ryman Hospitality Properties Inc,NYSE,3548412157
SPGI,S&P Global Inc,NYSE,41855700000
CRM,Salesforcecom Inc,NYSE,77008705000
SNY,Sanofi,NYSE,1.16E+11
SC,Santander Consumer USA Holdings Inc,NYSE,6065101154
SAP,SAP SE,NYSE,1.40E+11
SSL,Sasol Ltd,NYSE,20151681026
SCG,Scana Corporation,NYSE,5969916392
SLB,Schlumberger NV,NYSE,85789256462
SNDR,Schneider National Inc,NYSE,4400762234
SMG,Scotts Miracle-Gro Company (The),NYSE,5710869281
SE,Sea Limited,NYSE,4359432203
SEE,Sealed Air Corporation,NYSE,10480941325
SMI,Semiconductor  Manufacturing International Corporation,NYSE,7079834970
SRE,Sempra Energy,NYSE,29826626549
ST,Sensata Technologies Holding NV,NYSE,8366117006
SCI,Service Corporation International,NYSE,6702058935
SERV,ServiceMaster Global Holdings Inc,NYSE,6288279899
NOW,ServiceNow Inc,NYSE,22157410000
SJR,Shaw Communications Inc,NYSE,10604631442
SHLX,Shell Midstream Partners LP,NYSE,4837273825
SHW,Sherwin-Williams Company (The),NYSE,36847288321
SHG,Shinhan Financial Group Co Ltd,NYSE,20973847733
SHOP,Shopify Inc,NYSE,9640019709
SPG,Simon Property Group Inc,NYSE,49115941146
SHI,SINOPEC Shangai Petrochemical Company Ltd,NYSE,6370920000
SIX,Six Flags Entertainment Corporation New,NYSE,5454452195
SKM,SK Telecom Co Ltd,NYSE,17047977354
SKX,Skechers USA Inc,NYSE,5315101643
SLG,SL Green Realty Corporation,NYSE,9922871901
SNN,Smith & Nephew SNATS Inc,NYSE,16167608120
AOS,Smith (AO) Corporation,NYSE,10415490746
SNAP,Snap Inc,NYSE,15619265118
SNA,Snap-On Incorporated,NYSE,9104047924
SQM,Sociedad Quimica y Minera SA,NYSE,14849547884
SOGO,Sogou Inc,NYSE,5109368051
SON,Sonoco Products Company,NYSE,5111194175
SNE,Sony Corp Ord,NYSE,60511741186
SO,Southern Company (The),NYSE,51576427040
SCCO,Southern Copper Corporation,NYSE,34113746337
LUV,Southwest Airlines Company,NYSE,32719395572
SWX,Southwest Gas Holdings Inc,NYSE,3899691328
SEP,Spectra Energy Partners LP,NYSE,12439354720
SPB           ,Spectrum Brands Holdings Inc,NYSE,6539982684
SR,Spire Inc,NYSE,3779294981
SPR,Spirit Aerosystems Holdings Inc,NYSE,9520549737
SRC,Spirit Realty Capital Inc,NYSE,3879684108
S,Sprint Corporation,NYSE,24602125465
SQ,Square Inc,NYSE,18985414988
SWK,Stanley Black & Decker Inc,NYSE,25454847687
STWD,STARWOOD PROPERTY TRUST INC,NYSE,5666281408
STT,State Street Corporation,NYSE,34287559433
STO,Statoil ASA,NYSE,67210893782
STE,STERIS plc,NYSE,7525433078
STL,Sterling Bancorp,NYSE,5359279265
SF,Stifel Financial Corporation,NYSE,3608225814
STM,STMicroelectronics NV,NYSE,21717114094
STOR,STORE Capital Corporation,NYSE,4963209562
SYK,Stryker Corporation,NYSE,57883334387
SMFG,Sumitomo Mitsui Financial Group Inc,NYSE,56704250539
SUI,Sun Communities Inc,NYSE,7449470705
SLF,Sun Life Financial Inc,NYSE,24355324117
SU,Suncor Energy  Inc,NYSE,58550864490
SUN,Sunoco LP,NYSE,3524318902
SHO,Sunstone Hotel Investors Inc,NYSE,3742592773
STI,SunTrust Banks Inc,NYSE,27233861718
SWCH,Switch Inc,NYSE,4512290494
SYF,Synchrony Financial,NYSE,26208991646
SYT,Syngenta AG,NYSE,42615088891
SNX,Synnex Corporation,NYSE,5255018625
SNV,Synovus Financial Corp,NYSE,5550268659
SYY,Sysco Corporation,NYSE,28616413094
DATA,Tableau Software Inc,NYSE,5587631179
TSM,Taiwan Semiconductor Manufacturing Company Ltd,NYSE,2.23E+11
TAL,TAL Education Group,NYSE,13647494725
TEGP,Tallgrass Energy GP LP,NYSE,3657156774
TPR,Tapestry Inc,NYSE,11619572184
TRGP,Targa Resources Inc,NYSE,9356310750
TGT,Target Corporation,NYSE,30393876210
TARO,Taro Pharmaceutical Industries Ltd,NYSE,4677279996
TTM,Tata Motors Ltd,NYSE,22236030482
TCO,Taubman Centers Inc,NYSE,3433301206
TCP,TC PipeLines LP,NYSE,3529689916
TEL,TE Connectivity Ltd,NYSE,33496960053
FTI,TechnipFMC plc,NYSE,12543288098
TECK,Teck Resources Ltd,NYSE,13396133577
TEO,Telecom Argentina Stet - France Telecom SA,NYSE,6774425639
TI,Telecom Italia SPA,NYSE,18012421706
TDY,Teledyne Technologies Incorporated,NYSE,6560711203
TFX,Teleflex Incorporated,NYSE,12060139269
VIV,Telefonica Brasil SA,NYSE,25634371520
TEF,Telefonica SA,NYSE,52648215296
TU,TELUS Corporation,NYSE,22720908510
TS,Tenaris SA,NYSE,17418820927
TDC,Teradata Corporation,NYSE,4447960000
TER,Teradyne Inc,NYSE,8560323337
TEX,Terex Corporation,NYSE,3832437000
TX,Ternium SA,NYSE,5582990334
TEVA,Teva Pharmaceutical Industries Limited,NYSE,13919200000
TXT,Textron Inc,NYSE,14040304548
AES,The AES Corporation,NYSE,7059532391
BX,The Blackstone Group LP,NYSE,37211108201
SCHW,The Charles Schwab Corporation,NYSE,61371586493
THG,The Hanover Insurance Group Inc,NYSE,4466245724
MSG,The Madison Square Garden Company,NYSE,5065024036
TRV,The Travelers Companies Inc,NYSE,35533935581
TMO,Thermo Fisher Scientific Inc,NYSE,77596611533
TRI,Thomson Reuters Corp,NYSE,31548155825
THO,Thor Industries Inc,NYSE,7222816611
TIF,Tiffany & Co,NYSE,11584615832
TSU,TIM Participacoes SA,NYSE,9287080574
TWX,Time Warner Inc,NYSE,69684071710
TKR,Timken Company (The),NYSE,3648004734
TJX,TJX Companies Inc (The),NYSE,45092755460
TOL,Toll Brothers Inc,NYSE,7659542000
TMK,Torchmark Corporation,NYSE,9831452213
TTC,Toro Company (The),NYSE,6764608031
TD,Toronto Dominion Bank (The),NYSE,1.08E+11
TOT,Total SA,NYSE,1.42E+11
TSS,Total System Services Inc,NYSE,13698381256
TM,Toyota Motor Corp Ltd Ord,NYSE,1.85E+11
TRP,TransCanada Corporation,NYSE,43602865875
TDG,Transdigm Group Incorporated,NYSE,14322691856
RIG,Transocean Ltd,NYSE,3939518173
TRU,TransUnion,NYSE,10053244033
TRCO,Tribune Media Company,NYSE,3594412681
TRN,Trinity Industries Inc,NYSE,5166714595
TKC,Turkcell Iletisim Hizmetleri AS,NYSE,8122400000
TRQ,Turquoise Hill Resources Ltd,NYSE,6218051709
TWTR,Twitter Inc,NYSE,16653431907
TYL,Tyler Technologies Inc,NYSE,6644676745
TSN,Tyson Foods Inc,NYSE,29590345114
USB,US Bancorp,NYSE,86011427134
UBS,UBS AG,NYSE,64184012761
UGI,UGI Corporation,NYSE,8216068094
UGP,Ultrapar Participacoes SA,NYSE,12580319221
UA,Under Armour Inc,NYSE,5119278151
UAA,Under Armour Inc,NYSE,5737655149
UN,Unilever NV,NYSE,1.67E+11
UL,Unilever PLC,NYSE,1.64E+11
UNP,Union Pacific Corporation,NYSE,93082712374
UAL,United Continental Holdings Inc,NYSE,17606282212
UDR,United Dominion Realty Trust Inc,NYSE,10621882424
UMC,United Microelectronics Corporation,NYSE,6478720000
UPS,United Parcel Service Inc,NYSE,97496286410
URI,United Rentals Inc,NYSE,12953444051
X,United States Steel Corporation,NYSE,5111588293
UTX,United Technologies Corporation,NYSE,93360809464
UNH,UnitedHealth Group Incorporated,NYSE,2.06E+11
UNVR,Univar Inc,NYSE,4145131360
UHS,Universal Health Services Inc,NYSE,9536742186
UNM,Unum Group,NYSE,12137205554
USFD,US Foods Holding Corp,NYSE,6176762433
USG,USG Corporation,NYSE,5052055466
VFC,VF Corporation,NYSE,29197565004
MTN,Vail Resorts Inc,NYSE,9387708179
VALE,VALE SA,NYSE,57289822342
VRX,Valeant Pharmaceuticals International Inc,NYSE,5755261795
VLO,Valero Energy Corporation,NYSE,35991066613
VR,Validus Holdings Ltd,NYSE,3857076403
VMI,Valmont Industries Inc,NYSE,3761917952
VVV,Valvoline Inc,NYSE,4887319945
VNTV,Vantiv Inc,NYSE,12869784614
VAR,Varian Medical Systems Inc,NYSE,9994363330
VVC,Vectren Corporation,NYSE,5576100627
VEDL,Vedanta  Limited,NYSE,17703137549
VEEV,Veeva Systems Inc,NYSE,8832127704
VTR,Ventas Inc,NYSE,23036677753
VER,VEREIT Inc,NYSE,7852278002
VZ,Verizon Communications Inc,NYSE,1.92E+11
VET,Vermilion Energy Inc,NYSE,4357609375
VSM,Versum Materials Inc,NYSE,4344211942
VIPS,Vipshop Holdings Limited,NYSE,4803357915
V,Visa Inc,NYSE,2.55E+11
VC,Visteon Corporation,NYSE,4056842374
VST,Vistra Energy Corp,NYSE,8243746873
VMW,Vmware Inc,NYSE,50799430873
VNO,Vornado Realty Trust,NYSE,14459198963
VOYA,Voya Financial Inc,NYSE,7560153310
VMC,Vulcan Materials Company,NYSE,16181038083
WPC,WP Carey Inc,NYSE,7646165580
WRB,WR Berkley Corporation,NYSE,8061595032
GRA,WR Grace & Co,NYSE,5004312394
GWW,WW Grainger Inc,NYSE,11405185078
WBC,Wabco Holdings Inc,NYSE,7821365684
WMT,Wal-Mart Stores Inc,NYSE,2.89E+11
DIS,Walt Disney Company (The),NYSE,1.58E+11
WCN,Waste Connections Inc,NYSE,18162179371
WM,Waste Management Inc,NYSE,34902294860
WAT,Waters Corporation,NYSE,15584494485
WSO,Watsco Inc,NYSE,5878867023
W,Wayfair Inc,NYSE,6064762727
WFT,Weatherford International plc,NYSE,3453995175
WBS,Webster Financial Corporation,NYSE,4882726114
WEC,WEC Energy Group Inc,NYSE,21626393264
WRI,Weingarten Realty Investors,NYSE,4263830682
WCG,WellCare Health Plans Inc,NYSE,8981333492
WFC,Wells Fargo & Company,NYSE,2.66E+11
HCN,Welltower Inc,NYSE,25280557557
WST,West Pharmaceutical Services Inc,NYSE,7236689876
WR,Westar Energy Inc,NYSE,7980008924
WAL,Western Alliance Bancorporation,NYSE,5767142619
WGP,Western Gas Equity Partners LP,NYSE,7914433047
WES,Western Gas Partners LP,NYSE,7459367197
WU,Western Union Company (The),NYSE,9025095994
WAB,Westinghouse Air Brake Technologies Corporation,NYSE,7022344991
WLK,Westlake Chemical Corporation,NYSE,12212273412
WBK,Westpac Banking Corporation,NYSE,81741966733
WRK,Westrock Company,NYSE,14950471019
WEX,WEX Inc,NYSE,5301092382
WY,Weyerhaeuser Company,NYSE,27302180013
WGL,WGL Holdings Inc,NYSE,4314176370
WPM,Wheaton Precious Metals Corp,NYSE,9396105109
WHR,Whirlpool Corporation,NYSE,12060012914
WMB,Williams Companies Inc (The),NYSE,23206775630
WPZ,Williams Partners LP,NYSE,34745960861
WSM,Williams-Sonoma Inc,NYSE,3902038820
WIT,Wipro Limited,NYSE,25467467114
WF,Woori Bank,NYSE,9991344994
WPX,WPX Energy Inc,NYSE,5036685051
WYN,Wyndham Worldwide Corp,NYSE,11018932433
XEL,Xcel Energy Inc,NYSE,25748655696
XRX,Xerox Corporation,NYSE,7253158245
XL,XL Group Ltd,NYSE,9749050134
XPO,XPO Logistics Inc,NYSE,9203687625
XYL,Xylem Inc,NYSE,12157123865
YELP,Yelp Inc,NYSE,3943897874
YPF,YPF Sociedad Anonima,NYSE,9050127367
YUMC,Yum China Holdings Inc,NYSE,15647694207
YUM,Yum! Brands Inc,NYSE,26683159107
ZAYO,Zayo Group Holdings Inc,NYSE,8803737611
ZEN,Zendesk Inc,NYSE,3612639113
ZBH,Zimmer Biomet Holdings Inc,NYSE,22893630703
ZTS,Zoetis Inc,NYSE,34738778986
ZTO,ZTO Express (Cayman) Inc,NYSE,11824491399
CQH,Cheniere Energy Partners LP Holdings LLC,AMEX,6021883000
CQP,Cheniere Energy Partners LP,AMEX,13842446418
LNG,Cheniere Energy Inc,AMEX,11398397957
IMO,Imperial Oil Limited,AMEX,26099034212
SEB,Seaboard Corporation,AMEX,5056776000